Date,Monthly returns,Monthly log-returns
2019-01-31,,
2019-02-28,-0.01858430704150149,-0.018759165074620495
2019-03-31,-0.0017680783394710131,-0.0017696432348220177
2019-04-30,0.009830739401561539,0.009782732058345492
2019-05-31,0.007026247236723293,0.0070016781799852905
2019-06-30,0.040575079872204434,0.03977352174203455
2019-07-31,0.008369071082630963,0.008334244582625867
2019-08-31,-0.006649510863159569,-0.00667171735680968
2019-09-30,0.03569486330152771,0.03507256696104947
2019-10-31,0.023628812831161472,0.023353973433283444
2019-11-30,0.009447864204439549,0.009403512270618704
2019-12-31,0.07142923138044766,0.06899348744184623
2020-01-31,-0.018997275016384374,-0.01918004165955587
2020-02-29,-0.08429074990550367,-0.08805637725462952
2020-03-31,-0.2990438889528856,-0.3553100029701804
2020-04-30,0.10251985757326754,0.0975983395809849
2020-05-31,0.08567063324472701,0.08219789120671832
2020-06-30,0.08755992357241738,0.08393658459819141
2020-07-31,0.08264601918868886,0.07940806250306094
2020-08-31,-0.03442747201492535,-0.03503406032322714
2020-09-30,-0.04796264428544117,-0.04915100576464369
2020-10-31,-0.006881388539475508,-0.006905174476579993
2020-11-30,0.1589747956403269,0.14753581747777672
2020-12-31,0.09567629123503041,0.09137179018746691
2021-01-31,-0.027651584999916157,-0.028041087103964437
2021-02-28,-0.05147965208996008,-0.05285203711177667
2021-03-31,0.05997182714590821,0.05824232960653257
2021-04-30,0.01937685409057388,0.019191513241835538
2021-05-31,0.061584268339865744,0.05976238510528635
2021-06-30,0.0046428345059263965,0.004632089794244883
2021-07-31,-0.03943944101828045,-0.040238249326680305
2021-08-31,-0.024794541916733026,-0.025107103944697007
2021-09-30,-0.06568390567515003,-0.06794046725340744
2021-10-31,-0.06738211733751431,-0.06975971973011548
2021-11-30,-0.015323523444217946,-0.01544214195880369
2021-12-31,0.028523769808173505,0.028124540984481076
2022-01-31,0.07217950430253195,0.06969349667415811
2022-02-28,0.0067089013061891745,0.006686496778507724
2022-03-31,0.06060525711053377,0.05883974244114975
2022-04-30,-0.10102584188201569,-0.1065009900649518
2022-05-31,0.03221291112017499,0.03170495500552523
2022-06-30,-0.11503264452048023,-0.12220452111834934
2022-07-31,0.04691400621054975,0.04584679500097889
2022-08-31,0.06162942858527609,0.059804924624961224
2022-09-30,0.004693078166229991,0.004682100009059836
2022-10-31,0.05452711360724116,0.0530924328937057
2022-11-30,-0.030602307884554092,-0.031080336308741907
2022-12-31,-0.02182493821453335,-0.02206662518522819
2023-01-31,0.03181830575019773,0.03132259123935771
2023-02-28,-0.0757495684036219,-0.078772214196202
2023-03-31,-0.029066443029771682,-0.029497240457174768
2023-04-30,0.02502895506566416,0.024720861035930807
2023-05-31,0.037373601961084635,0.036692136265808736
2023-06-30,0.09001707666035896,0.08619336277921126
2023-07-31,0.03265389077544523,0.03213208150256577
2023-08-31,-0.05085162739968674,-0.05219014633346153
2023-09-30,0.007110642636208198,0.007085481222329271
2023-10-31,-0.029348432205207442,-0.029787713611116567
2023-11-30,0.12538888496075806,0.11812865144503935
2023-12-31,0.05382821151172923,0.052429449654794104
2024-01-31,-0.047941275105265135,-0.04912856027946619
2024-02-29,0.009925480618698801,0.009876546565529727
2024-03-31,-0.007084172996434712,-0.007109384890796915
2024-04-30,-0.01703276973756107,-0.017179495847978322
2024-05-31,-0.03038340586385435,-0.03085454939919533
2024-06-30,0.014815967501515148,0.014707283248207642
2024-07-31,0.03022428111406139,0.029776527192175602
2024-08-31,0.06542788205433525,0.06337648566173217
2024-09-30,-0.030793211964354028,-0.03127728631311014
2024-10-31,-0.0159540571706015,-0.016082693152546654
2024-11-30,-0.031184229799634533,-0.031680808799393494
2024-12-31,-0.042851004233376844,-0.043796209191442524
2025-01-31,0.0486519292003027,0.0475054623412234
2025-02-28,-0.026447853490307982,-0.026803889595561476
2025-03-31,0.06075782376077976,0.05898358076084594
2025-04-30,0.03690311684323655,0.03623849850219578
2025-05-31,0.014511316605832603,0.01440703508187481
2025-06-30,0.013340436556299018,0.013252236484957998
2025-07-31,-0.041654963811169954,-0.04254740281805691
2025-08-31,0.062755972375649,0.06086550797811506
2025-09-30,0.03404703652897001,0.03348026492488302
2025-10-31,0.022586623084445145,0.02233532229954394
2025-11-30,0.06374214257054978,0.0617930143404927
2025-12-31,0.012906105411386148,0.01282353134708947
2026-01-31,0.12561055081458505,0.11832560027676321
2026-02-28,0.04092873999250135,0.0401133338724039
2026-03-31,-0.007018491739367638,-0.0070432372043836245
2026-04-30,-0.0007681556795510192,-0.0007684508622989157
2026-05-31,-0.0722301113614282,-0.07497154177342305
2026-06-30,-0.010150298064308227,-0.01020216360532523
2026-07-31,0.03473352555457376,0.03414393033568858
2026-08-31,-0.01311243321591693,-0.013199160136565859
