Date,Close,High,Low,Open,Volume,Daily return,Daily log-return,Volatility_20,Drawdown
2026-01-02,28.87548828125,29.110554132292712,28.546397524518294,29.110554132292712,21625200.0,,,,0.0
2026-01-05,28.39595603942871,28.931905902601525,27.954031083653817,28.86608775005892,48211400.0,-0.016606896380438663,-0.016746336821686924,,-0.016606896380438642
2026-01-06,27.86940574645996,28.612214670491035,27.850601842028965,28.555799370377933,38095000.0,-0.018543143686996055,-0.018717223121204572,,-0.03484209600165717
2026-01-07,28.048057556152344,28.048057556152344,27.76597924943438,27.89761555344808,28132900.0,0.006410320023241711,0.006389861306576064,,-0.02865512496406649
2026-01-08,28.39595603942871,28.52759234451392,28.01044818018475,28.123278786426315,34125800.0,0.01240365692276102,0.01232736181462845,,-0.016606896380438642
2026-01-09,28.48998260498047,28.903699036568725,28.33954059229569,28.367749142202932,27982800.0,0.003311266062716811,0.0033057958933789358,,-0.013350620170113466
2026-01-12,28.546396255493164,28.743850700754383,28.40535531640939,28.48997916249564,18947400.0,0.0019801223221116437,0.0019781644640127073,,-0.011396933709014661
2026-01-13,29.279802322387695,29.449050024918744,28.54639800263334,28.54639800263334,54097100.0,0.025691721656578625,0.02536723537790029,,0.0
2026-01-14,30.07902717590332,30.586768500010265,29.33621999222219,29.477259149284667,82309300.0,0.027296115073308647,0.026930219546284426,,0.0
2026-01-15,29.89097595214844,30.0226122613268,29.561883385792314,29.6182986906673,26456600.0,-0.006251905111662959,-0.0062715301089303396,,-0.0062519051116629665
2026-01-16,30.126039505004883,30.276481502077235,29.97559571452246,30.041415657475422,70947300.0,0.007864030710564629,0.007833270382589297,,0.0
2026-01-19,30.24827003479004,30.28588142936195,30.003803143712616,30.050815593517505,12852900.0,0.004057304969173003,0.00404909630324964,,0.0
2026-01-20,30.361106872558594,30.57736703002173,30.032014314926343,30.248272678979315,26300000.0,0.0037303567324271647,0.003723416206820885,,0.0
2026-01-21,31.43300437927246,31.54583497804628,30.492741020243837,30.558559168430236,93270900.0,0.03530495482965024,0.03469602566628857,,0.0
2026-01-22,31.574047088623047,32.09119124772779,31.27315949698474,31.385993688906705,71516300.0,0.004487089673286038,0.004477052699751407,,0.0
2026-01-23,32.946834564208984,33.360549221283556,31.85612902572087,31.921947185100443,68642600.0,0.04347835016945267,0.04255969999785108,,0.0
2026-01-26,33.24771499633789,33.567404701564996,32.946830989867706,33.25711605230621,39869600.0,0.009132301664444675,0.00909085434610205,,0.0
2026-01-27,33.971717834472656,34.272601837193584,33.25711563789529,33.38875194073316,47268200.0,0.021776017937308323,0.021542307231324612,,0.0
2026-01-28,35.10943603515625,35.20346094186275,34.31961462363271,34.366627076985964,46054700.0,0.03349015808464939,0.032941577196083885,,0.0
2026-01-29,35.44792938232422,36.27536214326951,35.32569414123888,35.730007672904186,58722800.0,0.009641093261339329,0.009594914493661138,,0.0
2026-01-30,35.50434494018555,35.711204039081515,34.808552022332286,35.00600647846738,45794700.0,0.0015915050284844856,0.0015902399264562637,0.2565968857633667,0.0
2026-02-02,35.01540756225586,35.01540756225586,34.432441722223665,34.58288370972425,38505600.0,-0.013771198391447692,-0.013866900986077754,0.25274113350767424,-0.0137711983914477
2026-02-03,35.33510208129883,36.030895023880106,34.92138386880362,35.26928034009426,57152800.0,0.009130109894467608,0.009088682408533858,0.22822496301612616,-0.0047668210516725075
2026-02-04,35.2786865234375,35.429128538143864,34.76154232206066,35.21286836617975,37955800.0,-0.0015965868085374701,-0.0015978627114967997,0.23248905681478524,-0.006355797216600262
2026-02-05,34.78974533081055,35.36330657096649,34.695720426806695,35.1658521204663,35933100.0,-0.013859393328096936,-0.013956331430839025,0.24931201920695048,-0.020127103051158717
2026-02-06,34.460655212402344,35.04361751892918,34.27260181412329,34.9872004233994,27681100.0,-0.00945940004098722,-0.009504424325659256,0.25797513415954976,-0.029396112772718818
2026-02-09,35.09062957763672,35.212864823168125,34.36662633382793,34.47005588106064,27089800.0,0.018280974675363826,0.01811588660286025,0.25808321662958694,-0.011652527690507111
2026-02-10,35.11883544921875,35.33509918080941,34.7051208575038,35.09062869588958,24585300.0,0.0008038006704789158,0.000803477795726362,0.2537815119263185,-0.010858093329598612
2026-02-11,35.80522918701172,36.16252666849371,35.43852347682767,35.47613487071628,55863800.0,0.01954488891824102,0.019356340389933537,0.24808065076702607,0.0
2026-02-12,34.89317321777344,35.777019468562145,34.60169029031227,35.777019468562145,39856000.0,-0.02547270300867477,-0.025802749147891945,0.27223889708573656,-0.02547270300867472
2026-02-13,34.68631362915039,34.9401851583712,34.34781825685597,34.9401851583712,27507000.0,-0.005928368490077052,-0.005946011028757988,0.2765340378438633,-0.031250059928878006
2026-02-18,34.9683952331543,35.1564486341667,34.6487055274793,34.85556462727497,32276700.0,0.008132360417996143,0.008099470967269758,0.27632517503149046,-0.023371836261307382
2026-02-19,35.55135726928711,35.95567078211352,35.20345725985608,35.25987435007136,48355000.0,0.01667111207837446,0.016533674477757082,0.2778935687618387,-0.007090358684722536
2026-02-20,35.70180130004883,35.70180130004883,35.212863917321265,35.419719419645155,51949800.0,0.004231738035264554,0.004222809412065132,0.2593407249459498,-0.0028886251899878606
2026-02-23,36.284767150878906,36.90534089247704,35.58897061062866,35.70180480860683,55061500.0,0.016328751760468663,0.016196871384720302,0.2615352331234692,0.0
2026-02-24,37.20622253417969,37.29084638384156,36.53863637952504,36.53863637952504,43263600.0,0.02539510256381683,0.025078004233390027,0.23609257184639124,0.0
2026-02-25,37.20622253417969,37.58232932974806,36.69847943620845,37.55411898864729,26012300.0,0.0,0.0,0.23675878656988125,0.0
2026-02-26,37.24383544921875,37.422484211644615,36.642067421236504,36.952352491430936,29919100.0,0.0010109307658014988,0.0010104201194179926,0.22955818004735976,0.0
2026-02-27,36.980560302734375,37.86440658499037,36.980560302734375,37.53531225127176,38799000.0,-0.007068959018556087,-0.007094062482887025,0.20686221140086652,-0.00706895901855612
2026-03-02,38.67303466796875,39.04913787608726,38.099473419756286,38.832877724384566,83817000.0,0.04576659605423106,0.044750201215898934,0.25473691599843284,0.0
2026-03-03,38.5037841796875,39.49105996135744,38.31573079584085,39.20898167899745,93893800.0,-0.0043764470446751025,-0.004386051722194876,0.2564742422395466,-0.004376447044675112
2026-03-04,38.08066940307617,38.71064418757674,37.54471952805258,38.50378866936332,50915600.0,-0.010988914093138402,-0.01104973821409638,0.254046738649982,-0.015317268737206428
2026-03-05,38.259315490722656,38.33453828250097,37.59172935438071,38.10887349398616,53107600.0,0.004691253868348566,0.004680284231110001,0.2534017800094638,-0.010697872065073806
2026-03-06,39.64150619506836,40.54415822998573,38.945709676390166,39.3970392806692,87228000.0,0.03612690626106119,0.03548963272620676,0.2757906538859351,0.0
2026-03-09,40.58176803588867,41.62546097954569,40.12103739355694,40.66639188501816,107124400.0,0.023719125004823427,0.02344219700491142,0.2721298459770625,0.0
2026-03-10,40.365509033203125,40.525352093426974,39.519270517840674,39.78254671529805,56706200.0,-0.005328969464669431,-0.005343219068795809,0.2690237936942799,-0.0053289694646693865
2026-03-11,42.123802185058594,42.199024983343875,40.647588843504145,40.66639454307547,73234300.0,0.04355929589316365,0.04263726996780757,0.2942619320159321,0.0
2026-03-12,42.31185150146485,43.33673871463979,41.55964152546949,42.67855364058632,86124400.0,0.004464205666433463,0.004454270657293085,0.29317449008740054,0.0
2026-03-13,42.00156784057617,42.63154623598269,41.64427030144703,41.94515432746132,42520400.0,-0.007333256519817755,-0.0073602770253193735,0.29636075552373875,-0.007333256519817783
2026-03-16,43.120479583740234,43.24271482859241,42.12379910036897,42.19902189314575,40474100.0,0.026639761339649848,0.026291101486623374,0.27448011279706874,0.0
2026-03-17,43.60942077636719,44.43685004809125,43.06406624167496,43.11107869784693,51025600.0,0.011338955348987323,0.011275151256280534,0.26744035042038283,0.0
2026-03-18,44.192378997802734,44.3334199399706,43.76925975811932,43.91030070028717,55074700.0,0.013367713009191373,0.01327915348620443,0.26721251235194915,0.0
2026-03-19,43.98551940917969,45.25487711389892,43.9008955621984,44.38043189069904,84865000.0,-0.004680888273367989,-0.004691877938555936,0.2726914566655971,-0.004680888273367949
2026-03-20,42.94182968139648,44.42744764167003,42.236632099782675,43.99492731911712,78125700.0,-0.023728030083586926,-0.0240140736856478,0.29869142220579337,-0.028297850099186447
2026-03-23,43.28032684326172,43.42136780001158,41.672477153051815,41.766502066338035,65252400.0,0.007882690709191786,0.007851784612010488,0.2975774172055986,-0.020638222590061588
2026-03-24,44.446250915527344,45.08563030824563,43.60001242904132,43.62822276980432,57455300.0,0.026938892501620515,0.026582428204036192,0.2987136442008483,0.0
2026-03-25,44.66250991821289,44.70952236918383,43.53419316080981,43.72224655151367,40532900.0,0.004865629793985526,0.004853830874643503,0.2972911674745873,0.0
2026-03-26,45.15145111083984,45.574570378936734,44.681319387803384,44.75653859834261,59986800.0,0.010947463398772506,0.01088797370173034,0.29577551060595514,0.0
2026-03-27,46.45841598510742,46.48662274025666,45.25487994113558,45.602776406317375,54170900.0,0.028946242969227987,0.028535213474839033,0.29609973468834144,0.0
2026-03-30,46.702880859375,47.66194994758826,46.53363674905048,46.77810365224829,51454300.0,0.005262014838085305,0.005248218813435524,0.26907079135023443,0.0
2026-03-31,45.76261901855469,47.530315255895594,44.80355348469494,47.078989243837974,78931700.0,-0.02013284455945008,-0.0203382721789283,0.2853999054966119,-0.020132844559450063
2026-04-01,44.54027557373047,45.19846066104654,43.976118977071074,44.85056421266725,66488400.0,-0.026710522060125363,-0.027073730314100125,0.3050504334277579,-0.04630560783083719
2026-04-02,45.273685455322266,46.50542824941413,45.085632052514406,46.3549862445319,38536900.0,0.016466217870110267,0.01633211976136906,0.30625405944176615,-0.030601868187877364
2026-04-06,46.0164909362793,46.072908033289664,45.01981399683845,45.1232435479473,27848100.0,0.016407002732085063,0.016273862180481245,0.29093720729239075,-0.01469695039075773
2026-04-07,45.61217498779297,46.59945440629657,45.50874902891692,46.15752946989287,33362800.0,-0.008786327254857396,-0.008825154628824987,0.2899661297649971,-0.023354145429833502
2026-04-08,43.82567596435547,43.853882717489455,41.86992644581065,42.02977308281675,87580500.0,-0.039167152715598785,-0.03995482136901536,0.33082437745968557,-0.06160658276483964
2026-04-09,45.03861999511719,45.64978907609915,44.22058822372264,44.70012458444639,58206500.0,0.027676561834396818,0.027300488961260055,0.3110231759251017,-0.03563507932773988
2026-04-10,46.10111618041992,46.10111618041992,44.69072099395646,44.69072099395646,42860900.0,0.023590780210803963,0.02331681804409984,0.31901925444049617,-0.012884958441151102
2026-04-13,46.80630874633789,47.2388326163809,46.30797031509492,46.778101993420755,60941100.0,0.015296648418622771,0.015180834244660617,0.3181354805756757,0.0
2026-04-14,45.01980972290039,46.68407626509627,44.82235169551987,46.64646487065998,58646800.0,-0.038167910935238525,-0.03891538714266005,0.34449349028326093,-0.03816791093523851
2026-04-15,44.08895111083984,45.22666898616259,43.93850910738246,45.08563162550771,61852100.0,-0.020676644743503947,-0.020893399610436198,0.3520401850653269,-0.05805537134373279
2026-04-16,45.678001403808594,45.77202631671756,43.966718576937325,44.465060658452245,54484300.0,0.0360419164650545,0.03540760292716507,0.37091215692432344,-0.024105881722996908
2026-04-17,43.45897674560547,43.76926181138234,42.18961896700828,43.722249357394375,105186900.0,-0.0485797230615721,-0.04979938247360022,0.4132856457442201,-0.07151454772631084
2026-04-20,44.211185455322266,44.6437057580638,43.731649113170384,44.4180445509031,41904500.0,0.017308477236359643,0.01716039185702209,0.40816124849383617,-0.055443878411340575
2026-04-22,44.822357177734375,45.11384014003686,44.427448248312075,44.79415042186719,51063000.0,0.013823916190388807,0.013729237417420012,0.4099120936390516,-0.0423864137493803
2026-04-23,45.54999542236328,45.84559016799903,44.72042776515026,45.15904941035093,38666800.0,0.01623382370863724,0.016103464123319228,0.4031240617852272,-0.026840683609191954
2026-04-24,44.96834564208984,45.31161603924912,44.29134215736897,45.29254505747162,34880200.0,-0.012769480542864753,-0.012851711137549496,0.4059006171728481,-0.0392674225649519
2026-04-27,45.168582916259766,45.93140395672619,44.97787674678875,45.025556017219735,31543600.0,0.004452849472463383,0.004442964870485062,0.40432115155940823,-0.0349894250143419
2026-04-28,45.31161880493164,45.80745344915728,45.25440585610704,45.435578375342565,29389700.0,0.0031667118921365756,0.003161708420285741,0.39037719630330847,-0.0319335145504973
2026-04-29,46.684696197509766,47.00889562821822,45.76931085342166,45.86466212939908,47685000.0,0.030302986933423925,0.029852921055650548,0.4052940929977708,-0.002598208491235488
2026-04-30,46.79911804199219,47.0851754825773,46.04583065976448,46.54166525424027,36666100.0,0.0024509497501779,0.00244795107157988,0.3981507100035643,-0.00015362681951000299
2026-05-04,47.04703903198242,47.53333637420405,46.64655565831332,46.98982608219594,41319600.0,0.005297556884892085,0.00528357419142119,0.3840794453055489,0.0
2026-05-05,46.39863967895508,46.751443772172365,46.08397755187429,46.60841685528767,28066500.0,-0.013781937532488797,-0.013877790142319983,0.38486657293476584,-0.013781937532488794
2026-05-06,45.07323455810547,45.283011721799,44.42483572252354,44.53925797662097,62009100.0,-0.02856560300087352,-0.028981539980368193,0.39479720733274115,-0.04195385117722642
2026-05-07,44.0720329284668,44.48204995807408,43.09943464689263,44.24366813329859,71214500.0,-0.022212775263510065,-0.022463194236412902,0.401280953209863,-0.063234714973098
2026-05-08,43.54758834838867,44.386693358173474,43.54758834838867,44.23412914161422,32914200.0,-0.011899713837329684,-0.011971082172244248,0.3775043468818178,-0.0743819537976627
2026-05-11,44.27227020263672,44.34855049065248,43.52852011674864,44.06249304511228,50622200.0,0.016641147804798306,0.016504201116316727,0.3688747283125638,-0.058978607080021006
2026-05-12,43.557125091552734,44.10063533331585,43.29013862540041,44.10063533331585,81072700.0,-0.016153341760219764,-0.016285229195612448,0.3611561562031713,-0.07417924724353546
2026-05-13,42.49871063232422,43.70015704359685,42.29847077625141,43.64294409725409,57251900.0,-0.024299456334729075,-0.024599559663026738,0.36243460695855717,-0.09667618819892713
2026-05-14,42.90872573852539,43.26152979834296,42.31753986904934,42.39382015668283,47760000.0,0.00964770695629813,0.009601465012792538,0.342267765269183,-0.08796118477602426
2026-05-15,43.35688400268555,43.42363061731584,42.88965406285583,43.28060007886939,59380500.0,0.01044445521153703,0.010390288722398066,0.3378357744675682,-0.07843543621923411
2026-05-18,44.28180694580078,44.300877928481846,42.40336061944132,43.00408020551371,57388200.0,0.021332781734451745,0.0211084231328554,0.3208761058600989,-0.05877590052589378
2026-05-19,43.94807434082031,44.14831420511526,43.47131068064106,43.85272306375169,40943000.0,-0.007536562484655285,-0.007565105874827248,0.2671782021236097,-0.06586949476364375
2026-05-20,42.52731704711914,44.25320280701064,42.470107735826225,43.6429459037658,52780200.0,-0.03232808979713431,-0.032862184898101464,0.2844024778141565,-0.09606814961916708
2026-05-21,42.861053466796875,43.528523313691366,42.43196544826341,43.00408038136268,57725900.0,0.007847577577206666,0.007816945494355602,0.280833639336637,-0.08897447429879546
2026-05-22,42.41289138793945,42.67034418037824,41.83123918695751,42.660810508399514,39634300.0,-0.010456161074169579,-0.010511210801834363,0.2735769260830169,-0.09850030393820726
2026-05-25,41.38308334350586,41.78356303517637,40.97306634255687,41.4689009399235,26720900.0,-0.024280543267239496,-0.024580175760549248,0.28189690059560807,-0.12038920631383888
2026-05-26,41.42122268676758,41.76449308087795,41.154236219089654,41.344942397752945,36040500.0,0.0009216167617365212,0.0009211923337620367,0.28074718601628634,-0.11957854226257326
2026-05-27,40.83003616333008,41.182840223977344,40.191174657903474,40.286525927024,53745400.0,-0.014272551245242737,-0.014375383732086888,0.2814405991711321,-0.13214440263554197
2026-05-28,40.53444290161133,41.17330806797784,40.28652741031939,41.09702413993854,37534800.0,-0.007239603230727143,-0.007265936329293322,0.24909438469918424,-0.13842733282202632
2026-05-29,40.04814529418945,40.38187838334055,39.87651009479235,40.23885147545488,73281800.0,-0.011997145454848313,-0.012069692022702439,0.247064497839,-0.14876374543008208
2026-06-01,40.40094757080078,41.0207417230308,40.01000155340856,40.42955586104157,73925300.0,0.00880945357193652,0.008770876730866153,0.2498067046343254,-0.1412648191666993
2026-06-02,40.304935455322266,40.702458128113975,40.17889059850309,40.624894622953754,27318300.0,-0.00237648177212324,-0.0023793100867772073,0.24931704750334557,-0.1433055876710306
2026-06-03,39.99467468261719,40.5958057270851,39.99467468261719,40.382503310497846,42895100.0,-0.007697835741456549,-0.007727617011670873,0.23554254164337363,-0.14990028053776264
2026-06-05,39.6456298828125,40.16919742384789,39.4129356636465,39.781368793760656,34730900.0,-0.008727281883765148,-0.008765587641246271,0.22771514758789588,-0.15731934041881931
2026-06-08,39.96559143066406,40.06254674463931,39.58746052810918,39.94619962814738,34043600.0,0.008070537630435748,0.00803814500881626,0.23098463289361618,-0.15051845444522904
2026-06-09,39.91710662841797,40.11102093823305,39.46141225375153,39.63593476272432,56680400.0,-0.0012131636367801457,-0.0012139001154913333,0.21802616623330484,-0.1515490145664119
2026-06-10,40.38250350952149,40.760634389334385,39.7619769621326,39.955891277028634,44953200.0,0.011659083546205595,0.011591640144292748,0.22161545770341526,-0.1416568536423812
2026-06-11,40.48915481567383,40.8672894122746,39.90741554162481,40.38250545103105,52321500.0,0.002641027595705836,0.002637546210600807,0.20837822169151363,-0.13938994570626573
2026-06-12,39.92680740356445,40.266154697498735,39.57776235917027,39.81046028830243,34082200.0,-0.01388884047270067,-0.013986192876634732,0.20714451075300788,-0.1513428214595537
2026-06-15,37.87132263183594,38.705147899769486,37.87132263183594,38.62758439283498,54174000.0,-0.05148132058124466,-0.052853796159704036,0.26426058975667904,-0.195032813731569
2026-06-16,37.367149353027344,37.599843587766465,37.03749610497344,37.27988809034813,36250100.0,-0.013312798280374016,-0.013402207995043894,0.2435670796778051,-0.20574917950468086
2026-06-17,37.39623260498047,37.67740817611155,37.10536298249669,37.5319715155657,66882000.0,0.000778310694197204,0.0007780079674956223,0.24577727310721587,-0.20513100559721445
2026-06-18,37.66770935058594,37.90040726109324,36.271532983365525,37.13444777482446,53332600.0,0.007259467777759765,0.0072332446755824275,0.23301559916098305,-0.19936067974480703
2026-06-19,37.619232177734375,37.91979954542937,37.44470966728023,37.677407580755045,44775800.0,-0.0012869689632668546,-0.001287797819040485,0.22800775657921632,-0.20039107770074657
2026-06-22,37.97797393798828,38.01675754274723,37.308973399632954,37.57075718384368,35488200.0,0.009536126589692495,0.009490944747262024,0.23433358799080872,-0.19276590579545336
2026-06-23,38.13310623168945,38.365800450057776,37.65801634639159,37.77436345557575,27398600.0,0.0040847964653005775,0.004076476333885574,0.22532742833366487,-0.1894685188207765
2026-06-24,37.124755859375,37.793756380330514,36.96962514298207,37.71619287143806,59191400.0,-0.026442911998511454,-0.02679881387437547,0.23826432328963562,-0.21090133144962186
2026-06-25,37.27988815307617,37.49319058551124,36.766014628163624,36.95992895651129,25152300.0,0.004178675121495612,0.0041699687043754265,0.23817049227231937,-0.207603944474945
2026-06-26,36.901756286621094,37.08597285952243,36.77571142168435,36.9114503384125,23383000.0,-0.010143052599901003,-0.010194843869939496,0.23883974105656983,-0.21564125934608974
2026-06-29,36.97932052612305,37.20232070780441,36.76601439642428,37.03749593384312,14924800.0,0.002101911868353845,0.0020997059421701356,0.2383320118510467,-0.21399260640006215
2026-06-30,36.64966583251953,37.01810266964966,36.591494125704465,37.00840491944181,31974300.0,-0.008914568707952375,-0.008954541211316707,0.2340143341532602,-0.22099952331526732
2026-07-01,36.67875671386719,36.68845076581837,36.261842206411785,36.35879752035614,21094300.0,0.0007937557051842514,0.0007934408477267478,0.23473255080981212,-0.22038118724255762
2026-07-02,36.8047981262207,37.289582096372,36.504234431836124,36.73692866628818,21888800.0,0.003436359998152838,0.0034304692045352687,0.23616958118594933,-0.21770213634059046
2026-07-03,37.08597183227539,37.08597183227539,36.707840946547115,36.911449315999576,10369500.0,0.007639593758683727,0.007610559840088856,0.23906625737784418,-0.21172569846394648
2026-07-06,36.62057876586914,36.86297073252281,36.46544805515511,36.795101277748415,20811400.0,-0.012549032515880465,-0.012628436620258544,0.23727247894001677,-0.22161777830535537
2026-07-07,37.27018737792969,37.59014654852972,36.766011644583145,36.843578849070866,39823600.0,0.017738895286548262,0.017583397298977024,0.24964817179432902,-0.20781013758180325
2026-07-08,38.44336700439453,38.54032231063853,37.813146417984974,38.44336700439453,40215300.0,0.031477695954905904,0.030992430372371694,0.2734915537343648,-0.18287382595404447
2026-07-09,38.01675796508789,38.76332572125498,37.70649652078574,38.53063148733245,33386500.0,-0.011097077923946541,-0.011159109835389732,0.2744635649907344,-0.19194153878112874
2026-07-10,38.44336700439453,38.75362842270475,38.14279963726557,38.43366925460542,27316800.0,0.01122160494849167,0.011159109835389706,0.27580685007952405,-0.18287382595404447
2026-07-13,39.422630310058594,39.67471633439466,39.01541357106772,39.27719364692872,43045700.0,0.025472880810677223,0.025153853334871152,0.21746753894575452,-0.1620592683152872
2026-07-14,39.422630310058594,40.052850918810734,38.88936870959569,39.946197858996555,32649500.0,0.0,0.0,0.20994542618484668,-0.1620592683152872
2026-07-15,39.354759216308594,39.558367577333435,39.00571419820438,39.18023670725649,25608800.0,-0.001721627735546627,-0.0017231114397452698,0.2104326942638262,-0.16350189031969986
2026-07-16,38.676063537597656,39.61654559870285,38.676063537597656,39.15115344333552,20551700.0,-0.01724558076903915,-0.01739601788950372,0.22105869211818321,-0.17792778603334003
2026-07-17,39.65532684326172,39.85893520563011,39.180236965794286,39.180236965794286,32168300.0,0.025319621908059586,0.025004390234435816,0.23613063513375485,-0.15711322839458275
2026-07-20,39.89772033691406,40.1788922153685,39.23841387278532,39.946197991916,26987600.0,0.006112507775068998,0.006093902178825604,0.2351283220788616,-0.15196107644964174
2026-07-21,40.39219665527344,40.43098025710468,39.87832687613699,39.95589038119162,38631400.0,0.012393598285410645,0.012317426363239839,0.23768291204632952,-0.14145082270076645
2026-07-22,41.284202575683594,41.43933329030518,40.692765570373794,40.81880673321085,38292200.0,0.02208361996310737,0.02184330835920781,0.21912095131649542,-0.12249094894965167
2026-07-23,41.642940521240234,42.16650805575176,41.555679265488315,42.07924679999984,25257900.0,0.00868947256275554,0.008651936385700967,0.21938912114600842,-0.1148658581269801
2026-07-24,40.92546081542969,41.60415909583282,40.86728910762329,41.08059153392685,29151600.0,-0.01722932379005737,-0.01737947576646509,0.22755130490957098,-0.1301161208549449
2026-07-27,39.76197814941406,40.21767624823556,39.57776157899654,39.94619841843962,32902600.0,-0.028429311309720706,-0.028841250392471426,0.25761576846828865,-0.15484632045846708
2026-07-28,39.95589065551758,40.49884998905919,39.645629235953194,39.77167409346618,29946800.0,0.00487683246982451,0.00486497924419776,0.25329793286927466,-0.15072464755208728
2026-07-29,40.72185134887695,41.109679984023735,40.47945937656221,40.87698206321407,31465400.0,0.01917015691035795,0.018988724510637447,0.25812763734571836,-0.13444390578556129
2026-07-30,41.53628921508789,41.53628921508789,40.547329507751506,40.721852026611344,25268900.0,0.020000020608920588,0.019802647501003613,0.2631092450646238,-0.11713276606309574
2026-07-31,42.098636627197266,42.22468149036,41.55568096792648,41.69141988274418,24997300.0,0.013538701283529742,0.013447871956419192,0.2643821494636853,-0.10517989030980777
2026-08-03,41.739898681640625,41.77868228653897,41.061200390352134,41.10968174577913,24400900.0,-0.00852136730064279,-0.008557881734221723,0.2608805675508305,-0.11280498113247936
2026-08-04,41.206634521484375,41.778679713374,40.498850419418886,41.778679713374,27216700.0,-0.012775885351892557,-0.01285819881158079,0.26611895160682997,-0.12413968297830091
2026-08-05,40.65398025512695,41.68172350784668,40.479457746200815,41.235719485808865,32365700.0,-0.013411778777256855,-0.01350252901036193,0.255166984412274,-0.13588652778997395
2026-08-06,40.847896575927734,41.177549809172504,40.64428450641772,40.74124351537678,46662600.0,0.004769922147446426,0.0047585821152164535,0.24982096361616493,-0.13176477380097248
2026-08-07,39.62623977661133,41.65263687335778,39.58745987082999,41.59446516538173,97926700.0,-0.02990745917713533,-0.030363809125106996,0.2753169071702967,-0.1577314833846708
2026-08-10,40.94485092163086,41.177548839042295,39.81045828309592,40.062544303234375,74915200.0,0.033276211733766825,0.03273454232773002,0.2850910585937889,-0.1297039778890934
2026-08-11,40.39219665527344,41.20663380069022,39.76197607064327,41.109678494719965,53988900.0,-0.0134975278677949,-0.013589447559905364,0.2903216262362825,-0.14145082270076645
2026-08-12,40.18859100341797,40.69276676539623,39.897721367286536,40.23706865967186,63890300.0,-0.005040717482961865,-0.005053464754305001,0.2910084879136033,-0.1457785265487612
2026-08-13,40.62489700317383,40.68306871080032,39.820153860665435,39.89772106897817,37063800.0,0.010856464206937533,0.010797955880858672,0.2844424286094453,-0.13650470169744036
2026-08-14,40.809112548828125,41.16785163173362,40.36311220806907,40.36311220806907,34127900.0,0.004534548004882399,0.004524297916741739,0.2719260710953328,-0.1325891408152971
2026-08-17,41.17755126953125,41.45872315896423,40.45037532028514,41.06120045465401,47636500.0,0.00902834434986266,0.008987832503039887,0.2727765191801144,-0.12475785688576732
2026-08-18,41.303592681884766,41.88533566388527,41.129070157145435,41.49750700921827,36838100.0,0.003060925394239744,0.00305625029975266,0.2699066436497603,-0.12207880598380018
2026-08-19,41.798072814941406,42.63190180179921,41.53628903776921,41.53628903776921,49580800.0,0.011971843148489869,0.011900747502407107,0.2619703400455195,-0.11156847115230324
2026-08-20,42.971248626708984,43.27181600437223,42.14711739892727,42.418595224811504,44893400.0,0.028067701038795523,0.027681021906123492,0.2779317146534896,-0.08663224060716614
2026-08-21,42.95185852050781,43.262119961939106,42.81611960220764,42.99064212533876,52792400.0,-0.0004512344141920366,-0.00045133625107633566,0.26897516007828914,-0.08704438357301762
2026-08-24,42.11000061035156,42.63999938964844,41.619998931884766,42.599998474121094,49502500.0,-0.01960003453061976,-0.019794662549130548,0.25666681652602863,-0.10493834517990977
2026-08-25,41.349998474121094,41.90999984741211,41.0099983215332,41.18000030517578,85920800.0,-0.01804802007159423,-0.0182128720999012,0.2671448941941973,-0.12109243589141708
2026-08-26,41.45000076293945,42.27000045776367,40.970001220703125,41.13999938964844,74631000.0,0.002418435127172769,0.002415515419408982,0.2592936345989723,-0.11896685496483893
2026-08-27,42.70000076293945,42.88999938964844,41.0,41.45000076293945,43197800.0,0.030156814885215377,0.029711038114450004,0.2710020109443573,-0.09239770150227448
2026-08-28,43.54999923706055,43.599998474121094,42.619998931884766,42.720001220703125,46135600.0,0.0199062870944684,0.019710747677796847,0.27557375427126485,-0.07433070958077934
