Date,IFNC,IMAT,IBEE,IFNC (log) return,IMAT (log) return,IBEE (log) return
2026-01-02,17198.75,6181.72,4183.07,,,
2026-01-05,17608.74,6195.95,4174.58,0.023558662932847477,0.002299302900991031,-0.002031672281165605
2026-01-06,17847.42,6312.75,4176.56,0.013463590271188675,0.01867554497799783,0.0004741867666214583
2026-01-07,17558.69,6341.68,4130.12,-0.01630997590651769,0.004572319796486276,-0.011181478965740411
2026-01-08,17624.34,6320.26,4132.64,0.0037319171312649884,-0.00338337102106746,0.0006099656962400912
2026-01-09,17680.32,6335.46,4153.94,0.003171255404541294,0.002402077054269908,0.005140853502975673
2026-01-12,17587.64,6402.46,4153.93,-0.005255773985383723,0.01051986790513306,-2.4073559166083994e-06
2026-01-13,17346.51,6427.46,4121.4,-0.013805049186639648,0.003897145366630701,-0.007861962618450959
2026-01-14,17642.39,6606.7,4168.07,0.016913195508193236,0.027504848750571492,0.011260187470003546
2026-01-15,17830.67,6574.42,4164.82,0.010615479356881211,-0.004897924384599841,-0.0007800415377600226
2026-01-16,17790.59,6498.31,4180.99,-0.0022503424591883937,-0.011644218149350787,0.0038750032012670015
2026-01-19,17789.58,6485.94,4187.48,-5.6773196995389815e-05,-0.0019053859471954676,0.00155106042111179
2026-01-20,17844.31,6488.71,4223.28,0.003071797271402827,0.0004269864762573319,0.008512956309102699
2026-01-21,18569.05,6656.01,4348.57,0.039811526373158594,0.025456462296831725,0.029234978093527403
2026-01-22,19042.62,6736.99,4474.74,0.025183408663888084,0.01209303171558533,0.02860119405725049
2026-01-23,19338.62,6858.96,4553.81,0.015424507835475509,0.01794258910906922,0.01751599572746212
2026-01-26,19468.12,6753.69,4558.84,0.006674123139577078,-0.015466804562962934,0.0011039599920659616
2026-01-27,19913.06,6907.06,4616.93,0.022597541965431085,0.022455054725227176,0.01266177684994229
2026-01-28,20284.65,7024.55,4703.51,0.01848864450187555,0.01686707932003063,0.018579056454208515
2026-01-29,20163.72,6823.97,4686.75,-0.005979492390622291,-0.028969742297394435,-0.00356966000877148
2026-01-30,19868.71,6700.61,4677.46,-0.014738817527020165,-0.01824284690246432,-0.0019841509423179082
2026-02-02,20130.91,6722.13,4718.83,0.013110312326645343,0.0032065015694898035,0.008805659961024781
2026-02-03,20243.43,6894.2,4796.25,0.005573851674725258,0.02527540980963657,0.016273475065154495
2026-02-04,19559.59,6848.27,4701.31,-0.03436459322282897,-0.0066844127755536845,-0.01999316929490868
2026-02-05,19723.63,6754.62,4667.94,0.008351706071701099,-0.01376935042867979,-0.007123332412850567
2026-02-06,19953.2,6708.72,4645.92,0.011572122162023168,-0.006818542476644952,-0.004728445784514721
2026-02-09,20360.12,6831.16,4708.79,0.020188554099066135,0.01808632538056139,0.013441559724748902
2026-02-10,20297.98,6789.48,4740.68,-0.0030567118671892958,-0.006120142680167894,0.006749610521707533
2026-02-11,20513.23,7131.94,4836.04,0.010548670131642492,0.04920893175071233,0.01991561868372579
2026-02-12,20395.79,6984.63,4804.81,-0.005741536835626351,-0.020871266523534472,-0.006478704520088812
2026-02-13,20263.59,6892.85,4725.03,-0.006502827434105673,-0.013227378194820078,-0.016743589364945227
2026-02-18,20376.39,6786.16,4735.06,0.005551198089584222,-0.015599398421019527,0.0021204880203674827
2026-02-19,20711.35,6783.41,4813.57,0.0163049815246303,-0.00040531867076820297,0.01644461441061848
2026-02-20,21029.38,6835.75,4861.1,0.015238648403679623,0.007686268122471645,0.009825737187620837
2026-02-23,20597.04,6845.69,4873.27,-0.020773131436347344,0.00145306367589055,0.0025004199225365496
2026-02-24,20911.65,6883.93,4950.88,0.01515904378912044,0.0055704526246221206,0.015800168884737627
2026-02-25,20880.8,6987.51,4981.78,-0.0014763434832542662,0.014934559816294718,0.0062219183348720345
2026-02-26,20792.47,6955.63,4963.49,-0.004239174524991867,-0.004572866019248517,-0.0036781345544060957
2026-02-27,20601.38,6896.76,4890.76,-0.009232838088673749,-0.008499667482405661,-0.014761411704877762
2026-03-02,20644.51,6862.11,4942.58,0.002091360652909947,-0.005036761485915594,0.010539751438889522
2026-03-03,19757.26,6617.71,4828.31,-0.04392840575858455,-0.03626558596549674,-0.023390952116163943
2026-03-04,20160.0,6642.77,4854.18,0.020179424465794342,0.003779656518242652,0.005343679479059283
2026-03-05,19470.33,6502.56,4765.43,-0.034808674810152325,-0.02133309965398311,-0.018452415057365813
2026-03-06,19206.4,6375.63,4805.32,-0.013648211569159211,-0.01971303582722063,0.008335863121451969
2026-03-09,19281.08,6383.93,4847.21,0.003880747387182598,0.001300985483933526,0.00867964419398233
2026-03-10,19733.04,6437.55,4897.93,0.02317008403546325,0.00836413777487108,0.01040938518705902
2026-03-11,19740.9,6391.08,4962.31,0.00039823742468464326,-0.007244764757303661,0.013058691246404136
2026-03-12,19083.75,6227.67,4899.2,-0.03385543808217188,-0.02590100213728621,-0.012799431645457231
2026-03-13,18843.89,6133.67,4895.31,-0.012648464170083647,-0.015209000310687417,-0.0007943225755104932
2026-03-16,19044.13,6172.08,4951.71,0.01057019418703828,0.006242630435005754,0.011455367564653464
2026-03-17,19028.97,6188.36,4971.3,-0.0007963628284115305,0.0026342119558862794,0.0039484038513503015
2026-03-18,18756.02,6072.89,4951.28,-0.014447787225344346,-0.01883550434319954,-0.004035246310096672
2026-03-19,18754.58,6027.87,4995.18,-7.677829737221533e-05,-0.007440889285914631,0.00882731847564655
2026-03-20,18265.46,5916.22,4906.61,-0.026426144545093892,-0.01869598306065136,-0.017890171834382906
2026-03-23,18994.15,6107.27,4998.54,0.039119192310534685,0.03178213337836788,0.018562594140911777
2026-03-24,18957.54,6145.01,5003.23,-0.0019292954466983204,0.006160505531774407,0.0009378340721192654
2026-03-25,19304.62,6214.72,5072.14,0.018142703929198832,0.011280301298975148,0.013679115411722642
2026-03-26,18871.97,6145.67,5030.23,-0.022666693055306452,-0.011172902847362477,-0.008297110565256045
2026-03-27,18503.23,6084.66,5028.92,-0.019732441008465013,-0.00997691903187997,-0.0002604593842233346
2026-03-30,18444.34,6115.25,5035.2,-0.0031877630853227325,0.005014801602145514,0.0012479979998431335
2026-03-31,19312.06,6303.19,5112.8,0.045972222873214175,0.03027020307448174,0.015293952025929635
2026-04-01,19595.15,6378.23,5102.51,0.014552315409426678,0.01183477494660549,-0.002014623830376728
2026-04-02,19481.43,6350.83,5142.67,-0.005820382491991698,-0.004305116374555246,0.00783982432625782
2026-04-06,19534.59,6278.42,5172.38,0.0027250361721358547,-0.011467156555631814,0.0057605309052899505
2026-04-07,19505.55,6209.75,5176.33,-0.0014876998574322557,-0.010997718982679806,0.0007633802071602947
2026-04-08,20333.2,6382.11,5216.14,0.04155597764761136,0.027378126197623844,0.007661353792683394
2026-04-09,20630.94,6469.51,5304.86,0.014536872650052726,0.01360160780348532,0.016865716764842595
2026-04-10,20761.92,6452.52,5365.38,0.006328648813590601,-0.002629619307545559,0.011343821504722042
2026-04-13,20782.06,6498.89,5361.21,0.0009695749698397764,0.007160640908460117,-0.0007775071500020145
2026-04-14,20972.37,6589.79,5320.73,0.009115742585569193,0.013890088454232452,-0.007579183889381629
2026-04-15,20975.09,6556.55,5211.93,0.00012968604076691977,-0.005056931562085236,-0.020660283357619096
2026-04-16,20946.97,6491.56,5245.88,-0.0013415373298615862,-0.009961678348745388,0.006492777984441478
2026-04-17,20909.69,6563.07,5189.63,-0.0017813179483382325,0.010955609657237294,-0.01078060291959928
2026-04-20,20819.71,6537.34,5232.56,-0.004312553712962846,-0.003928126384573025,0.008238238373996242
2026-04-22,20277.54,6486.14,5170.68,-0.026386264585130076,-0.007862762299783738,-0.011896434148645798
2026-04-23,19962.17,6389.89,5137.29,-0.015674887181303627,-0.014950538760601375,-0.006478504843203034
2026-04-24,19915.54,6368.78,5090.89,-0.002338650903110408,-0.0033091253654838376,-0.009073035144753844
2026-04-27,19730.79,6349.07,5045.72,-0.009319971725452722,-0.0030995829924359702,-0.008912308747111491
2026-04-28,19655.05,6394.11,5045.79,-0.003846057027760696,0.0070689086322124235,1.3873047740216139e-05
2026-04-29,19102.02,6250.6,4993.23,-0.02854021412976991,-0.02269979497746553,-0.010471237282553818
2026-04-30,19328.45,6290.46,5043.21,0.01178401514336258,0.0063567408532178024,0.00995978915960008
2026-05-04,19023.03,6194.89,5014.83,-0.015927753343061853,-0.01530944132540566,-0.00564326157316913
2026-05-05,19122.36,6282.6,5006.13,0.0052079805455412225,0.014059148870917084,-0.00173636102446042
2026-05-06,19251.96,6424.29,4994.49,0.006754542763868183,0.0223022112991535,-0.0023278567241529044
2026-05-07,18734.03,6352.88,4901.17,-0.027271217580336116,-0.011177865446478934,-0.018861352661190288
2026-05-08,18924.84,6420.3,4921.63,0.010133688710254352,0.010556592190059172,0.004165824324778768
2026-05-11,18532.13,6430.8,4899.49,-0.020969362439454808,0.0016341017245998838,-0.004508658382169967
2026-05-12,18368.54,6425.04,4843.22,-0.008866563763236482,-0.000896090863829941,-0.011551329289111682
2026-05-13,17956.05,6415.03,4758.73,-0.022712313159370306,-0.0015591818468122286,-0.01759896285655353
2026-05-14,18169.3,6431.7,4796.3,0.011806251124345886,0.0025952144018326464,0.007863961414343762
2026-05-15,17956.18,6347.04,4788.26,-0.011799011250909836,-0.013250326503372914,-0.0016776986916104454
2026-05-18,17908.05,6267.0,4840.42,-0.0026840129507167258,-0.012690791251946984,0.010834405179023643
2026-05-19,17513.86,6169.41,4796.43,-0.022257764960100113,-0.015694561884540936,-0.009129602628551645
2026-05-20,18042.58,6334.55,4834.56,0.029741952466829546,0.026415567953638065,0.007918230467246674
2026-05-21,18160.25,6350.76,4817.44,0.0065006196684159676,0.002555713470652081,-0.003547455025651505
2026-05-22,17940.65,6403.77,4799.03,-0.012166051739864086,0.008312388654128025,-0.0038288524772704343
2026-05-25,18420.93,6415.86,4823.45,0.02641843029365359,0.0018861704408504084,0.005075625498955675
2026-05-26,18206.64,6359.42,4801.47,-0.011701155440584197,-0.008835871652302658,-0.004567318628993203
2026-05-27,18134.29,6411.15,4758.74,-0.0039817415563104175,0.008101483792359351,-0.008939193708696329
2026-05-28,17987.65,6406.51,4731.74,-0.008119209852000348,-0.0007240011363511375,-0.005689927768529349
2026-05-29,17912.91,6331.89,4711.79,-0.004163729366804101,-0.011715891091434411,-0.00422512125833423
2026-06-01,17668.85,6287.47,4692.73,-0.013718479782616689,-0.007040005746831971,-0.00405337563130877
2026-06-02,17778.08,6519.0,4717.68,0.006163035599422265,0.03616222589969701,0.005302650673498539
2026-06-03,17277.93,6370.46,4734.55,-0.028536273219461172,-0.02304930946481472,0.003569531827410612
2026-06-05,17252.09,6250.54,4698.7,-0.0014966689751992706,-0.01900382046154253,-0.007600810451252449
2026-06-08,17133.74,6254.77,4713.97,-0.006883676638559043,0.0006765126432417529,0.0032445657599530233
2026-06-09,17331.03,6267.14,4740.44,0.011448917548100538,0.001975737571009212,0.0055995179314176835
2026-06-10,17182.03,6218.53,4770.28,-0.008634466240380102,-0.007786565815729131,0.006275044984058897
2026-06-11,17595.95,6268.98,4842.11,0.023804691699927126,0.008080117570691821,0.014945572755887409
2026-06-12,17589.96,6286.74,4816.51,-0.0003404771999852673,0.00282899138316604,-0.005300976733196609
2026-06-15,17534.35,6328.91,4758.4,-0.0031664705421760673,0.006685372067669865,-0.012138122126095337
2026-06-16,17520.45,6304.44,4757.56,-0.0007930440754758098,-0.0038738783618963166,-0.00017654550926670553
2026-06-17,17477.57,6178.78,4790.56,-0.0024504255644395927,-0.020133306095952347,0.006912383044568605
2026-06-18,17429.03,6101.59,4832.25,-0.002781137738248227,-0.012571448026080533,0.008664882885723726
2026-06-19,17379.17,6120.47,4810.45,-0.0028648441517493592,0.0030894980089218637,-0.004521562869504374
2026-06-22,17672.99,6090.9,4855.42,0.016765122717147748,-0.00484303690691922,0.009304971920263683
2026-06-23,17764.35,6034.62,4861.67,0.005156154632794546,-0.009282967518600173,0.0012863935317835742
2026-06-24,17801.1,5986.29,4834.88,0.002066613136040751,-0.008041031903673864,-0.005525690717928241
2026-06-25,17899.14,5986.66,4884.95,0.005492413858342745,6.180598768341083e-05,0.010302740458490396
2026-06-26,18148.21,5904.87,4918.52,0.013819266258012153,-0.013756226453911958,0.006848622214948922
2026-06-29,18162.53,5876.61,4930.7,0.0007887473922260544,-0.004797369125053336,0.0024732935621170995
2026-06-30,18026.55,5828.61,4886.43,-0.007515009497861713,-0.008201515060647337,-0.009018990292371262
2026-07-01,17976.7,5870.32,4868.21,-0.002769196217341703,0.0071305968545886745,-0.003735662451633456
2026-07-02,18120.15,5909.7,4930.28,0.007948103791441825,0.006685921873728794,0.012669468512771414
2026-07-03,18268.58,5961.88,4952.83,0.008158065599817963,0.008790798871034882,0.004563348810655642
2026-07-06,18152.98,5958.76,4932.91,-0.0063479097646636,-0.0005234618395058176,-0.0040300527751271735
2026-07-07,18053.33,5950.51,4963.22,-0.005504579263635704,-0.001385475569818373,0.006125646041058026
2026-07-08,17879.97,5913.39,4976.98,-0.009649063406172078,-0.006257659138999649,0.002768557733063054
2026-07-09,18300.26,5987.46,5060.19,0.023234175505109082,0.012448011099173628,0.016580750618215533
2026-07-10,19054.58,6127.24,5203.65,0.04039222522725179,0.023077121729168107,0.02795627042999185
2026-07-13,18775.19,6101.39,5163.31,-0.014771175184766257,-0.0042277897857744525,-0.007782455725607397
2026-07-14,18878.88,6109.79,5194.27,0.005507519484628794,0.0013757886338512334,0.005978248240946396
2026-07-15,18866.96,6201.57,5187.02,-0.0006315928004914834,0.014910083093842267,-0.0013967437916992415
2026-07-16,18721.58,6158.74,5172.14,-0.007735374926119552,-0.00693027463264613,-0.0028728217797290363
2026-07-17,18542.68,6175.37,5168.09,-0.009601767186884984,0.002696588578699231,-0.000783348186085216
2026-07-20,18560.08,6117.93,5161.5,0.0009379356832538094,-0.00934499573164929,-0.0012759462658372654
2026-07-21,18657.73,6126.99,5205.78,0.005247499736075778,0.0014797976064030733,0.008542311823930417
2026-07-22,19083.39,6309.58,5290.99,0.02255778576447649,0.029365511701514663,0.016235827170880436
2026-07-23,18878.35,6294.63,5288.61,-0.010802560363671054,-0.002372224361679416,-0.0004499224999336365
2026-07-24,18536.4,6266.67,5145.14,-0.018279396304405233,-0.004451775879350599,-0.02750287161822762
2026-07-27,18730.39,6325.04,5121.74,0.010410971923506963,0.009271245621712755,-0.004558354732548182
2026-07-28,18890.25,6435.15,5169.87,0.008498577491883968,0.017258792095466793,0.009353318068887796
2026-07-29,18451.52,6349.16,5118.89,-0.023499164024518265,-0.01345263010992148,-0.009909924463920127
2026-07-30,18745.74,6353.37,5189.13,0.015819774685648623,0.0006628601001768682,0.013628434395928432
2026-07-31,18886.12,6374.69,5239.1,0.007460734131052903,0.003350081621175557,0.009583674787551023
2026-08-03,18913.51,6386.37,5217.41,0.0014492207883409906,0.0018305694451127771,-0.004148617676246784
2026-08-04,18748.81,6454.34,5216.54,-0.008746197786324695,0.010586740894143533,-0.0001667633067086086
2026-08-05,18707.11,6501.15,5180.23,-0.002226618234364828,0.0072263115790598435,-0.006984890043027128
2026-08-06,18394.44,6354.46,5121.6,-0.016855220463133938,-0.022822155761047375,-0.011382566596612095
2026-08-07,17949.53,6261.47,5024.07,-0.02448451429068647,-0.014741946742173943,-0.019226528043610074
2026-08-10,17808.93,6270.59,4996.77,-0.007863913858219287,0.001455467275128445,-0.005448658503656708
2026-08-11,17225.77,6103.09,4851.04,-0.0332934985213139,-0.027075248801941915,-0.02959858873457973
2026-08-12,17101.58,6208.16,4847.82,-0.007235661466908662,0.017069355445232897,-0.0006639955867608686
2026-08-13,17103.47,6158.13,4765.45,0.0001105099979052122,-0.008091395714947321,-0.017137148102833805
2026-08-14,17168.72,6142.48,4752.16,0.0038077566002260184,-0.0025445906250832016,-0.002792719734829459
2026-08-17,16898.68,6135.29,4736.05,-0.01585361112948328,-0.0011712225952944303,-0.0033957965687832475
2026-08-18,16822.61,6106.13,4709.9,-0.004511697449078405,-0.004764162189398822,-0.0055367785779765364
2026-08-19,16865.14,6093.4,4736.32,0.0025249547740924367,-0.002086966402867032,0.005593786486255692
2026-08-20,16679.28,6106.35,4720.65,-0.011081539163374624,0.0021229951210346887,-0.0033139608862244644
2026-08-21,17206.96,6202.55,4780.75,0.03114672260167651,0.015631284478831164,0.012650935980484177
2026-08-24,17403.89,6307.93,4817.13,0.011379791319345972,0.01684707420261605,0.007580877074687063
2026-08-25,17875.72,6339.93,4911.86,0.02674962303680315,0.005060155359156445,0.01947437377436404
2026-08-26,17924.03,6373.81,4919.24,0.002698903166892525,0.005329679574714137,0.0015013582175458073
2026-08-27,17920.71,6488.54,4961.69,-0.0001852433584114896,0.017840136975738188,0.00859236148188859
2026-08-28,18066.29,6453.31,5003.32,0.008090743554040403,-0.005444366457865437,0.008355283574204626
2026-08-31,18290.91,6420.7,5094.01,0.012356444277335154,-0.005066031445326479,0.017963647565537498
2026-09-01,18572.51,6513.26,5164.04,0.015278315345152855,0.014312952901178065,0.013653879238607034
2026-09-02,19207.96,6746.19,5326.16,0.03364224597699009,0.03513780215410282,0.030911309359524818
2026-09-03,19375.81,6728.47,5326.58,0.008700604366013841,-0.002630123537798142,7.885295242690677e-05
2026-09-04,19460.71,6731.98,5328.47,0.0043721803727717725,0.0005215278953610344,0.00035476136101146496
2026-09-08,19706.97,6796.13,5412.74,0.012574819085636669,0.009484027087260469,0.01569129158618068
2026-09-09,19297.59,6812.48,5308.45,-0.02099216262801389,0.0024028916791534057,-0.01945554357634312
2026-09-10,19746.32,6873.43,5403.17,0.022986927224227953,0.008907029632089246,0.017685927797846012
2026-09-11,19658.84,6828.4,5321.03,-0.004440034945390828,-0.006572868312865154,-0.015318924732126742
2026-09-14,19539.05,6618.47,5308.56,-0.0061120827126951525,-0.031226160112157484,-0.002346281600823757
2026-09-15,19539.2,6673.85,5351.57,7.676904672213956e-06,0.008332679387111113,0.008069363766002506
2026-09-16,19686.52,6592.86,5367.87,0.007511433450752311,-0.01220965953651309,0.003041205988957124
2026-09-17,19701.53,6649.6,5354.04,0.0007621601336747832,0.008569457219815143,-0.002579765670502058
2026-09-18,19695.52,6542.89,5382.78,-0.00030509898820432513,-0.01617773859643874,0.005353553220030018
2026-09-21,20003.64,6524.83,5345.95,0.015523058279410636,-0.0027640646567694124,-0.006865704454106059
2026-09-22,20073.75,6582.29,5321.64,0.003498734399563428,0.008767809877411891,-0.004557738361256453
2026-09-23,19759.16,6445.93,5290.45,-0.015795810098880207,-0.02093378522035792,-0.005878218109744554
2026-09-24,19492.13,6306.0,5258.05,-0.01360638693283207,-0.02194736276369332,-0.006143072833249016
2026-09-25,19593.21,6300.84,5250.79,0.005172283282951834,-0.0008186032801475558,-0.0013816941080067604
2026-09-28,19387.28,6324.59,5212.71,-0.01056589672426002,0.0037622525354297476,-0.007278667390428642
