Price,Close,High,Low,Open,Volume
Ticker,VALE3.SA,VALE3.SA,VALE3.SA,VALE3.SA,VALE3.SA
Date,,,,,
2026-01-02,70.40441131591797,70.5697768672664,69.69434055865366,70.35578050058852,28418900
2026-01-05,71.12422180175781,71.4938471836089,70.32660366743987,70.42387272359508,24958100
2026-01-06,73.79915618896484,73.9158760792331,70.89076190390179,71.44520364613423,39536600
2026-01-07,74.23686981201172,75.22902597426004,73.5559790556798,74.02287345397806,41501600
2026-01-08,73.51707458496094,73.73107095647953,72.16501469707872,73.73107095647953,31894900
2026-01-09,72.68054962158203,73.6435259021957,72.17473865115127,72.85563689270755,24801200
2026-01-12,72.69999694824219,73.41007513044943,72.47627886999611,72.95290242122528,13129800
2026-01-13,73.29335021972656,73.97424845069018,72.25255574121458,72.4373721415145,24539200
2026-01-14,76.76590728759766,76.93126542215286,73.5754348086713,73.76997291742413,44225300
2026-01-15,76.69781494140625,77.46625305421793,76.36709868637868,76.74645317709987,35503900
2026-01-16,76.72699737548828,76.72699737548828,75.45275570789285,76.2503738192443,45910100
2026-01-19,76.42546081542969,76.50327902630127,75.74457002318589,76.37682257834668,10678500
2026-01-20,77.89424896240234,78.0206979907569,75.29712736717866,75.70566184754242,31198500
2026-01-21,80.2481918334961,80.54000640862452,78.30278112238103,78.77940466868141,83134600
2026-01-22,80.71509552001953,82.0963353755021,79.83965919571611,80.24819367334001,62515300
2026-01-23,82.69940948486328,83.39975855721748,81.40571694853739,81.46407689751584,25432600
2026-01-26,80.8026351928711,83.78884039684876,79.93692800293691,83.22466949835254,35741300
2026-01-27,82.58268737792969,83.77911082690436,81.07499108632085,81.30843829714344,30922500
2026-01-28,84.59618377685547,85.10198728338366,82.67995308847922,82.96203852484882,28473800
2026-01-29,85.02417755126953,87.05712815496966,84.4405484088391,85.59807014119922,42013200
2026-01-30,82.01851654052734,85.50080354785878,81.70725111882557,83.33166730642073,41681400
2026-02-02,82.50486755371094,83.50675287759827,81.74615856751093,82.11578392918064,22289400
2026-02-03,86.56105041503906,86.57077954684361,84.06119786429656,84.06119786429656,37709700
2026-02-04,86.98904418945312,87.14467319440085,85.1603607096862,86.09415700283229,51744400
2026-02-05,84.09037780761719,86.50269043469063,83.8861105667157,85.58834499538126,57049000
2026-02-06,83.29275512695312,85.17007671950444,82.87449153624523,84.05147152168001,28889600
2026-02-09,84.9269027709961,85.28680642650686,82.32005210431089,84.28492109115467,26531100
2026-02-10,84.67400360107422,85.34516524551742,83.8958363533932,84.35300905481934,14177200
2026-02-11,87.63101959228516,87.85474508342786,86.06497083889711,86.2303289638728,28395300
2026-02-12,86.79450225830078,89.119267467514,86.64859497054056,87.39757483001871,51472200
2026-02-13,84.65454864501953,85.73425221830468,83.67211412620583,85.17981044454905,28644800
2026-02-18,81.62943267822266,82.82586354582905,81.2792581521502,82.77722530898171,20898700
2026-02-19,81.18199157714844,82.04769878714946,80.08283714969237,80.7637279594168,28410900
2026-02-20,84.4405517578125,84.4405517578125,81.14308110960346,81.51271390395634,40577200
2026-02-23,85.00472259521484,85.90933889578776,84.06119718888951,84.4405516935343,21193900
2026-02-24,85.33544158935547,86.28868865381735,85.0144470504202,85.0144470504202,19760700
2026-02-25,87.5143051147461,87.86447964879457,86.09415613606198,86.59995967349136,28707500
2026-02-26,86.7750473022461,86.94040543813797,84.66427837848772,86.51242011119153,24503100
2026-02-27,86.05524444580078,87.05712977990574,85.85097721059859,86.70695525637254,17328300
2026-03-02,85.75370788574219,86.72641324331465,84.90745155303908,85.52025325669469,13952600
2026-03-03,82.17415618896484,82.98149603807671,80.29683445340352,82.92313608832613,36088800
2026-03-04,81.79479217529297,83.29275935713433,81.2987177727021,83.0593121429061,17605800
2026-03-05,79.07122039794922,81.99906563883562,78.35142050225312,81.8337000859009,37872100
2026-03-06,76.7075424194336,78.9836693147015,76.26009886107715,78.69186217028782,29504600
2026-03-09,77.09662628173828,77.91369519411445,74.46059573659228,75.59865918789595,30576600
2026-03-10,78.36114501953125,78.7794086403539,77.49543780313256,77.97206879461525,17172800
2026-03-11,77.67052459716797,78.73077734068518,76.64918838128798,77.6121646480186,20865000
2026-03-12,77.0771713256836,77.59270398362864,75.54030248345678,77.59270398362864,29136500
2026-03-13,76.16283416748047,78.29305390175858,75.89047042750848,77.13553954677829,14416400
2026-03-16,76.6880874633789,78.01096735431524,76.65890748979477,77.22307838293146,13591400
2026-03-17,76.80481719970703,77.53434624691681,76.48382263785795,76.94099536149393,14222300
2026-03-18,75.02476501464844,76.52273222486589,74.9469542225338,76.50328138212555,19412200
2026-03-19,74.53840637207031,74.6162245791354,72.0385539840375,72.14555216346383,27262900
2026-03-20,73.4878921508789,74.60649736630313,72.67081579799151,74.12987382279132,44208900
2026-03-23,75.37493896484375,76.27955527885045,73.89643003006076,74.47032265083705,23384500
2026-03-24,75.9682846069336,76.26982830489568,74.47031751178076,74.87885938947896,15700300
2026-03-25,77.37871551513672,78.05960630887125,76.84372459066454,77.03826269711638,18658300
2026-03-26,76.75618743896484,77.4176199932311,75.88075108603401,75.9974709856559,13518900
2026-03-27,76.8437271118164,77.73861430470001,76.0363798433623,76.32819443376722,11101700
2026-03-30,77.330078125,78.8474961511744,77.12581088464215,78.0596071639151,18776700
2026-03-31,80.22874450683594,80.48164256713127,78.39032447682295,78.53623177077995,24956400
2026-04-01,80.73454284667969,81.74615728614027,80.32600838684544,81.03607912591647,28514000
2026-04-02,81.26953887939453,81.48352783294365,79.13931168541612,79.28521897918165,14019800
2026-04-06,80.82208251953125,81.92124429485193,80.54000450370579,81.74615703814659,8680700
2026-04-07,81.40571594238281,81.41543765299025,80.34546321507516,80.78318509046301,15312500
2026-04-08,83.25384521484375,84.35300698176675,82.41732546270126,84.13901062285599,24942400
2026-04-09,82.37841796875,83.20521602702604,81.96015437392997,83.03012876823735,17973100
2026-04-10,83.25384521484375,84.0320124434006,82.27141817970276,82.6799526351764,24002400
2026-04-13,84.97554016113281,84.97554016113281,82.60213672701688,82.78695311870217,24661900
2026-04-14,85.88988494873047,86.12333215365325,84.80045229050275,85.1117177041174,18528400
2026-04-15,86.02606201171875,86.64859283104832,85.49107111019204,85.74397657465491,24527300
2026-04-16,85.05335998535156,86.95013248967896,84.72263630032731,86.46377980434855,13618900
2026-04-17,87.30030822753906,87.30030822753906,85.40353569690616,85.79261191364398,30119000
2026-04-20,86.30815124511719,86.9987711712774,85.62725302948309,86.37624032456529,16067700
2026-04-22,84.83936309814453,86.30815027679252,84.83936309814453,85.54943385854347,13222100
2026-04-23,83.62348175048828,84.79072522468991,83.37057627665514,84.27519256656497,12637500
2026-04-24,83.52621459960938,84.61563988802817,83.40948728107028,83.62348365448203,11436400
2026-04-27,83.16630554199219,83.94447277283449,82.5729546982343,83.79856548940747,8656600
2026-04-28,82.08660888671875,82.97177437122303,81.75589260975231,82.38814518879443,13687500
2026-04-29,77.27171325683594,80.6470019160327,77.08689687064219,80.54000373677871,43296200
2026-04-30,78.96421813964844,79.47002164051838,78.0206927922798,78.8183108574822,17593900
2026-05-04,76.51300811767578,79.13930965340869,76.50327898603369,78.9642223896163,18555600
2026-05-05,76.25037384033203,77.25225919035084,75.84183936343848,77.25225919035084,16295600
2026-05-06,79.01286315917969,79.41166851545128,77.91370130413776,78.15687765491295,17424200
2026-05-07,77.884521484375,79.44084864820171,77.42734875662362,79.07122326590327,18912100
2026-05-08,78.59459686279297,79.55757310114969,78.16660412523308,78.37087136239039,16782600
2026-05-11,81.17225646972656,81.63915829141877,78.97394777664368,79.16848587334303,24868900
2026-05-12,80.97772216796875,81.69752206487229,79.5089349792515,80.88045311506065,16503000
2026-05-13,81.99906158447266,82.72859057571831,80.74427082899182,81.21116522754355,31641800
2026-05-14,80.60809326171875,83.0787656871776,80.37463863959867,82.67995294025366,31954300
2026-05-15,81.22090148925781,81.22090148925781,78.04987978432914,78.44869256337608,36318900
2026-05-18,79.59648132324219,81.31816654369356,78.84749404082355,80.73454481241274,22668800
2026-05-19,78.80858612060547,79.06149159571837,77.98178803709939,78.5945971721363,20334400
2026-05-20,79.7618408203125,79.9661080587042,78.6432281538458,79.22684989512966,15669300
2026-05-21,80.37464141845703,80.61781775904178,79.00313071655857,79.1393088735938,15156600
2026-05-22,80.83181762695312,80.87072673367018,79.61593587136973,80.0828377308212,11443900
2026-05-25,81.30844116210938,81.30844116210938,80.19955759518841,80.57891210907435,7059500
2026-05-26,80.8026351928711,81.82397880493654,80.05365531953535,80.95827161500236,10409000
2026-05-27,81.17225646972656,81.64888742259954,80.2579185098564,81.39598195996824,10613200
2026-05-28,81.66834259033203,81.7558899332916,79.99528815393495,80.88045360946137,12798900
2026-05-29,80.55945587158203,81.97960477585058,80.13146314769327,81.71697759965242,20839400
2026-06-01,79.47002410888672,80.00501501972903,78.38059886666655,79.88828770613992,16605900
2026-06-02,82.6799545288086,82.7577727376771,79.8007475910496,79.9758348504273,18457400
2026-06-03,79.55757141113281,81.50298210976575,79.55757141113281,81.32789485004268,19308800
2026-06-05,76.55191040039062,78.58486850260371,76.19201415950326,78.58486850260371,23008500
2026-06-08,75.9391098022461,77.11608243828516,75.20958075684685,76.76590790280126,15671500
2026-06-09,76.35736846923828,76.63945390571392,74.73295234784834,76.63945390571392,17523500
2026-06-10,75.5792007446289,76.01692259334227,75.09284808238252,75.79319710340175,12469100
2026-06-11,76.64918518066406,76.89236152016979,74.99558161933341,75.98774524036239,17725500
2026-06-12,77.00907897949219,77.62188808521482,75.99746454858514,76.51300460581055,12112600
2026-06-15,78.94477081298828,80.48163964625257,78.44868899999983,78.57513802555835,22329400
2026-06-16,79.21712493896484,79.94665394096812,78.40004859772174,78.53622675107012,19713900
2026-06-17,77.60243225097656,79.11985023424026,77.09662873027298,78.15687400802699,20268200
2026-06-18,77.75807189941406,78.18605722819677,76.72699913103682,77.33007914947811,19651900
2026-06-19,78.54595947265625,78.85722489755935,77.33007774707333,77.5051650124034,26305900
2026-06-22,78.70159149169922,79.35330227906647,77.9234242624096,78.35141698063416,18089300
2026-06-23,77.21334838867188,77.79697753844596,76.66863576477918,77.30089572959916,18415100
2026-06-24,75.60839080810547,76.707545191982,75.05394905041157,76.4157306158682,22558900
2026-06-25,76.51300811767578,77.0577207511841,75.30684811326013,76.06555711597618,13882800
2026-06-26,76.01692199707031,76.7269927225348,75.78347479894595,76.04610196919178,25251100
2026-06-29,75.99746704101562,76.41573064230857,75.04421994486617,76.21146340741942,11791900
2026-06-30,75.75428771972656,76.15310046344699,75.14148603917735,75.968284077708,11289500
2026-07-01,75.84183502197266,76.76590210792816,74.93721877711877,74.9858495904491,15414700
2026-07-02,76.1044692993164,77.15499292455756,75.59866575076697,76.45464384106346,17199300
2026-07-03,76.6880874633789,76.88263298919483,75.88074764999004,76.28928212247399,7793500
2026-07-06,75.666748046875,76.6297242397425,75.38466261236782,76.15310070889028,12389100
2026-07-07,74.12014770507812,75.4819367344919,73.721342354417,75.4819367344919,16866100
2026-07-08,70.7156753540039,73.16689697027054,70.37522996873155,73.16689697027054,29276700
2026-07-09,71.15339660644531,71.48411285757365,69.96669491257964,71.40630207099522,18980500
2026-07-10,72.15528106689453,72.62218288665875,71.12421580057075,71.98019381212704,22142400
2026-07-13,70.86158752441406,72.15528749878527,70.47250387678659,72.15528749878527,16237900
2026-07-14,71.98992919921875,72.65136917235837,71.18258193090138,71.4160291504938,14780100
2026-07-15,72.47628021240234,72.95290377245954,71.78566028056143,71.97046925706753,15456000
2026-07-16,70.988037109375,72.05801147097176,70.56004439627526,71.83428598335527,12989700
2026-07-17,70.94913482666016,71.12422209692747,70.13205842502829,70.98804393351438,13491600
2026-07-20,69.9666976928711,71.25066848684595,69.75270132368311,71.00749214388743,13137000
2026-07-21,70.39469146728516,70.97831321474447,69.61652418990396,70.36550407193201,12581400
2026-07-22,73.0501708984375,73.19607818636183,71.33820739050807,71.60084199300246,17992800
2026-07-23,73.61434173583984,74.96640158876761,72.47627824889828,72.50545822223222,15826900
2026-07-24,73.18634796142578,73.46843340155758,72.79726433982495,73.10853717402787,8637800
2026-07-27,73.62406921386719,73.6532491865458,72.21364202479434,72.33036933666156,10921700
2026-07-28,73.62406921386719,74.16878182694208,72.95290015764795,74.02287454239622,12270800
2026-07-29,73.00154113769531,74.12014637858259,72.57354839924263,73.93533740428506,12265200
2026-07-30,74.01314544677734,74.47031814203663,72.57354570548506,73.90615468728846,16732800
2026-07-31,74.19796752929688,74.83022753038442,73.18635301178746,73.63379661010163,17353300
2026-08-03,72.60272979736328,74.39251157597096,71.93156070274125,74.29523509993928,23582200
2026-08-04,74.22714233398438,74.81077147658415,73.73106795238851,74.03260423388633,19784000
2026-08-05,74.56759643554688,74.8496744592407,73.24471655268408,74.22714362273503,15107500
2026-08-06,73.33226013183594,74.460601967522,73.32253099983083,74.40223459664467,21991700
2026-08-07,72.92372131347656,74.05205566104325,72.48599945306519,73.8380667177043,13038800
2026-08-10,73.8575210571289,74.24660469998082,72.66109015406109,72.85563568606365,15094700
2026-08-11,72.36927795410156,74.606495757871,71.69810890239437,74.22714127329373,36211800
2026-08-12,73.18000030517578,73.54000091552734,72.66000366210938,73.11000061035156,24930300
2026-08-13,71.9000015258789,73.19999694824219,71.5,72.19999694824219,19535200
2026-08-14,71.30000305175781,71.9800033569336,71.08999633789062,71.55000305175781,22933800
2026-08-17,71.41000366210938,71.80000305175781,70.69000244140625,71.19999694824219,10007400
2026-08-18,71.55000305175781,72.70999908447266,70.8499984741211,70.98999786376953,12466800
2026-08-19,72.12999725341797,73.8499984741211,71.76000213623047,72.5999984741211,18624200
2026-08-20,74.0199966430664,74.0999984741211,71.25,71.48999786376953,24999800
2026-08-21,75.02999877929688,75.80999755859375,74.51000213623047,74.80000305175781,28372500
2026-08-24,77.12999725341797,78.36000061035156,74.70999908447266,74.70999908447266,28776400
2026-08-25,78.69999694824219,78.76000213623047,76.88999938964844,77.0999984741211,18033600
2026-08-26,78.44999694824219,79.58000183105469,78.20999908447266,79.0,13673700
2026-08-27,79.11000061035156,79.30000305175781,77.87999725341797,78.06999969482422,11544100
2026-08-28,78.58000183105469,79.4800033569336,77.76000213623047,79.19000244140625,13040900
